{"theta": [2.1960637475782288, 7.676365047511668e-06, -0.21693837837817187, 0.014385710982257768, 0.010902638575200347, 0.01284981102769478, 0.14329605049391714, 0.17759632901212896], "metrics": {"MAE": 0.42, "R2": 0.68}}